"","x"
"P20107_101",1
"P20107_102",2
"P20107_103",3
"P20107_104",4
"P20107_105",5
"P20107_106",6
"P20107_107",7
"P20107_108",8
"P20107_109",9
"P20107_110",10
"P20107_111",11
"P20107_112",12
"P20107_113",13
"P20107_114",14
"P20107_115",15
"P20107_116",16
"P20107_117",17
"P20107_118",18
"P20107_119",19
"P20107_120",20
"P20107_121",21
"P20107_122",22
"P20107_123",23
"P20107_124",24
"P20107_125",25
"P20107_126",26
"P20107_127",27
"P20107_128",28
"P20107_129",29
"P20107_130",30
"P20107_131",31
"P20107_132",32
"P20107_133",33
"P20107_134",34
"P20107_135",35
"P20107_136",36
"P20107_137",37
"P20107_138",38
"P20107_139",39
"P20107_140",40
"P20107_141",41
"P20107_142",42
"P20107_143",43
"P20107_144",44
"P20107_145",45
"P20107_146",46
"P20107_147",47
"P20107_148",48
"P20107_149",49
"P20107_150",50
"P20107_151",51
"P20107_152",52
"P20107_153",53
"P20107_154",54
"P20107_155",55
"P20107_156",56
"P20107_157",57
"P20107_158",58
"P20107_159",59
"P20107_160",60
"P20107_161",61
"P20107_162",62
"P20107_163",63
"P20107_164",64
"P20107_165",65
"P20107_166",66
"P20107_167",67
"P20107_168",68
"P20107_169",69
"P20107_170",70
"P20107_171",71
"P20107_172",72
"P20107_173",73
"P20107_174",74
"P20107_175",75
"P20107_176",76
"P20107_177",77
"P20107_178",78
"P20107_179",79
"P20107_180",80
"P20107_181",81
"P20107_182",82
"P20107_183",83
"P20107_184",84
"P20107_185",85
"P20107_186",86
"P20107_187",87
"P20107_188",88
"P20107_189",89
"P20107_190",90
"P20107_191",91
"P20107_192",92
"P20107_193",93
"P20107_194",94
"P20107_201",95
"P20107_202",96
"P20107_203",97
"P20107_204",98
"P20107_205",99
"P20107_206",100
"P20107_207",101
"P20107_208",102
"P20107_209",103
"P20107_210",104
"P20107_211",105
"P20107_212",106
"P20107_213",107
"P20107_214",108
"P20107_215",109
"P20107_216",110
"P20107_217",111
"P20107_218",112
"P20107_219",113
"P20107_220",114
"P20107_221",115
"P20107_222",116
"P20107_223",117
"P20107_224",118
"P20107_225",119
"P20107_226",120
"P20107_227",121
"P20107_228",122
"P20107_229",123
"P20107_230",124
"P20107_231",125
"P20107_232",126
"P20107_233",127
"P20107_234",128
"P20107_235",129
"P20107_236",130
"P20107_237",131
"P20107_238",132
"P20107_239",133
"P20107_240",134
"P20107_241",135
"P20107_242",136
"P20107_243",137
"P20107_244",138
"P20107_245",139
"P20107_246",140
"P20107_247",141
"P20107_248",142
"P20107_249",143
"P20107_250",144
"P20107_251",145
"P20107_252",146
"P20107_253",147
"P20107_254",148
"P20107_255",149
"P20107_256",150
"P20107_257",151
"P20107_258",152
"P20107_259",153
"P20107_260",154
"P20107_261",155
"P20107_262",156
"P20107_263",157
"P20107_264",158
"P20107_265",159
"P20107_266",160
"P20107_267",161
"P20107_268",162
"P20107_269",163
"P20107_270",164
"P20107_271",165
"P20107_272",166
"P20107_273",167
"P20107_274",168
"P20107_275",169
"P20107_276",170
"P20107_277",171
"P20107_278",172
"P20107_279",173
"P20107_280",174
"P20107_281",175
"P20107_282",176
"P20107_283",177
"P20107_284",178
"P20107_285",179
"P20107_286",180
"P20107_287",181
"P20107_288",182
"P20107_289",183
"P20107_290",184
"P20107_291",185
"P20107_292",186
"P20107_293",187
"P20107_294",188
"P20107_301",189
"P20107_302",190
"P20107_303",191
"P20107_304",192
"P20107_305",193
"P20107_306",194
"P20107_307",195
"P20107_308",196
"P20107_309",197
"P20107_310",198
"P20107_311",199
"P20107_312",200
"P20107_313",201
"P20107_314",202
"P20107_315",203
"P20107_316",204
"P20107_317",205
"P20107_318",206
"P20107_319",207
"P20107_320",208
"P20107_321",209
"P20107_322",210
"P20107_323",211
"P20107_324",212
"P20107_325",213
"P20107_326",214
"P20107_327",215
"P20107_328",216
"P20107_329",217
"P20107_330",218
"P20107_332",219
"P20107_333",220
"P20107_334",221
"P20107_335",222
"P20107_336",223
"P20107_337",224
"P20107_338",225
"P20107_339",226
"P20107_340",227
"P20107_341",228
"P20107_342",229
"P20107_343",230
"P20107_344",231
"P20107_345",232
"P20107_346",233
"P20107_347",234
"P20107_348",235
"P20107_349",236
"P20107_350",237
"P20107_351",238
"P20107_352",239
"P20107_353",240
"P20107_354",241
"P20107_355",242
"P20107_356",243
"P20107_357",244
"P20107_358",245
"P20107_359",246
"P20107_360",247
"P20107_361",248
"P20107_362",249
"P20107_363",250
"P20107_364",251
"P20107_365",252
"P20107_366",253
"P20107_367",254
"P20107_368",255
"P20107_369",256
"P20107_370",257
"P20107_371",258
"P20107_372",259
"P20107_373",260
"P20107_374",261
"P20107_375",262
"P20107_376",263
"P20107_377",264
"P20107_378",265
"P20107_379",266
"P20107_380",267
"P20107_381",268
"P20107_382",269
"P20107_383",270
"P20107_384",271
"P20107_385",272
"P20107_386",273
"P20107_387",274
"P20107_388",275
"P20107_389",276
"P20107_390",277
"P20107_391",278
"P20107_392",279
"P20107_393",280
"P20107_394",281
"P20107_401",282
"P20107_402",283
"P20107_403",284
"P20107_404",285
"P20107_405",286
"P20107_407",287
"P20107_409",288
"P20107_410",289
"P20107_411",290
"P20107_412",291
"P20107_413",292
"P20107_415",293
"P20107_417",294
"P20107_418",295
"P20107_420",296
"P20107_421",297
"P20107_422",298
"P20107_423",299
"P20107_424",300
"P20107_425",301
"P20107_426",302
"P20107_427",303
"P20107_428",304
"P20107_429",305
"P20107_430",306
"P20107_431",307
"P20107_432",308
"P20107_433",309
"P20107_434",310
"P20107_435",311
"P20107_436",312
"P20107_438",313
"P20107_439",314
"P20107_440",315
"P20107_442",316
"P20107_443",317
"P20107_444",318
"P20107_445",319
"P20107_447",320
"P20107_448",321
"P20107_449",322
"P20107_450",323
"P20107_451",324
"P20107_452",325
"P20107_454",326
"P20107_455",327
"P20107_456",328
"P20107_457",329
"P20107_458",330
"P20107_459",331
"P20107_460",332
"P20107_461",333
"P20107_462",334
"P20107_463",335
"P20107_464",336
